{"temperature": {"edges": [-1.4, 0.4950000000000001, 2.39, 4.285, 6.18, 8.075, 9.97, 11.865, 13.76, 15.655, 17.55, 19.445, 21.340000000000003, 23.235000000000003, 25.130000000000003, 27.025000000000002, 28.92, 30.815000000000005, 32.71, 34.605000000000004, 36.5], "reference_counts": [4, 2, 1, 11, 26, 82, 140, 188, 232, 222, 235, 199, 151, 107, 86, 45, 20, 22, 16, 11], "current_counts": [0, 0, 0, 0, 0, 0, 2, 28, 48, 54, 74, 49, 37, 16, 6, 8, 4, 9, 1, 0], "reference_mean": 17.843500000000002, "current_mean": 19.008035714285718, "psi": 1.2836198053136225, "ks_stat": 0.17333333333333334, "ks_pvalue": 6.587348072631789e-08}, "wind_speed": {"edges": [0.0, 0.3175, 0.635, 0.9525, 1.27, 1.5875, 1.905, 2.2225, 2.54, 2.8575, 3.175, 3.4925, 3.81, 4.1275, 4.445, 4.7625, 5.08, 5.3975, 5.715, 6.0325, 6.35], "reference_counts": [25, 62, 104, 120, 167, 173, 183, 164, 189, 129, 107, 97, 58, 48, 49, 41, 32, 35, 11, 6], "current_counts": [1, 1, 4, 10, 17, 22, 31, 31, 47, 30, 22, 26, 14, 14, 18, 15, 13, 12, 5, 3], "reference_mean": 2.494483333333333, "current_mean": 3.132023809523809, "psi": 0.32042183901772475, "ks_stat": 0.21353174603174607, "ks_pvalue": 8.448074506752022e-12}, "humidity": {"edges": [15.0, 19.25, 23.5, 27.75, 32.0, 36.25, 40.5, 44.75, 49.0, 53.25, 57.5, 61.75, 66.0, 70.25, 74.5, 78.75, 83.0, 87.25, 91.5, 95.75, 100.0], "reference_counts": [6, 11, 28, 50, 84, 84, 94, 100, 114, 95, 106, 113, 139, 114, 97, 110, 144, 101, 146, 64], "current_counts": [0, 0, 0, 0, 0, 6, 18, 24, 20, 23, 14, 17, 40, 28, 21, 24, 43, 22, 32, 4], "reference_mean": 64.97166666666666, "current_mean": 70.27083333333333, "psi": 1.2130970569432808, "ks_stat": 0.1298015873015873, "ks_pvalue": 0.00012746739360263156}}